date,day,time_local,location,result,product,qty,unit_cost,notes
2026-07-08,Wednesday,20:58,Edmonds Safeway,hit,White Flare Booster Bundle,1,30.00,reported drop time
2026-07-08,Wednesday,20:58,Edmonds Safeway,seen,Surging Sparks Booster Pack,0,,available at drop - left it (not buying SS singles)
2026-07-08,Wednesday,21:16,Shoreline Fred Meyer,miss,,0,,dead drop - nothing came out
2026-07-08,Wednesday,21:28,Edmonds Safeway,miss,,0,,dead drop - 858 Surging Sparks was gone on return (someone bought it); could be an early-pull that burned this slot OR just a genuine dead drop - inconclusive
2026-07-08,Wednesday,21:58,Edmonds Safeway,seen,Surging Sparks Booster Pack,0,,dropped a single SS pack - left it (not buying SS singles); done for the night
2026-07-09,Thursday,14:28,Edmonds Safeway,miss,,0,,dead drop - nothing came out
2026-07-09,Thursday,16:28,Edmonds Safeway,hit,Surging Sparks Booster Pack,1,5.00,bought - pull-forward attempt (no bundle followed)
2026-07-09,Thursday,16:28,Edmonds Safeway,hit,Chaos Rising Booster Pack,1,5.00,bought - pull-forward attempt (no bundle followed)
2026-07-09,Thursday,16:28,Edmonds Safeway,seen,Perfect Order Booster Pack,0,,left it
2026-07-09,Thursday,16:28,Edmonds Safeway,seen,Journey Together Booster Pack,0,,left it
2026-07-09,Thursday,16:46,Shoreline Fred Meyer,hit,Ascended Heroes Booster Bundle,1,30.00,cost assumed $30 (standard)
2026-07-10,Friday,11:28,Edmonds Safeway,miss,,0,,dead drop - first visit of the day so cannot tell early-pull vs genuine
2026-07-10,Friday,12:28,Edmonds Safeway,miss,,0,,dead drop - Michael suspects the drop time may have changed (4th straight :28 dead)
2026-07-10,Friday,12:58,Edmonds Safeway,seen,Mega Evolution Booster Pack,0,,dropped a single ME pack - left it; confirms :58 still active (time did NOT change)
2026-07-10,Friday,13:28,Edmonds Safeway,hit,Destined Rivals Booster Pack,1,5.00,single DR pack - bought (one he likes)
2026-07-10,Friday,14:58,Edmonds Safeway,hit,Destined Rivals Booster Pack,1,5.00,single DR pack - bought
2026-07-10,Friday,20:58,Edmonds Safeway,hit,Destined Rivals Booster Pack,1,5.00,bought
2026-07-10,Friday,20:58,Edmonds Safeway,seen,Chaos Rising Booster Pack,0,,left it - the two people behind him bought it right away
2026-07-10,Friday,20:58,Edmonds Safeway,seen,Journey Together Booster Pack,0,,left it - the two people behind him bought it right away
2026-07-10,Friday,21:16,Shoreline Fred Meyer,seen,Chaos Rising Booster Pack,0,,single CR pack - left it
2026-07-10,Friday,21:28,Edmonds Safeway,miss,,0,,dead drop
2026-07-10,Friday,21:58,Edmonds Safeway,seen,Chaos Rising Booster Pack,0,,single CR pack; wanted a bundle - logged as left (confirm if bought)
2026-07-11,Saturday,08:58,Edmonds Safeway,hit,Destined Rivals Booster Pack,1,5.00,bought
2026-07-11,Saturday,08:58,Edmonds Safeway,seen,Mega Evolution Booster Pack,0,,left it - guy behind him bought it
2026-07-11,Saturday,09:58,Edmonds Safeway,seen,Chaos Rising Booster Pack,0,,single CR pack - left it
2026-07-11,Saturday,10:28,Edmonds Safeway,seen,Chaos Rising Booster Pack,0,,left it
2026-07-11,Saturday,10:28,Edmonds Safeway,seen,Perfect Order Booster Pack,0,,left it
2026-07-11,Saturday,10:28,Edmonds Safeway,seen,Mega Evolution Booster Pack,0,,left it
2026-07-11,Saturday,11:58,Edmonds Safeway,hit,Destined Rivals Booster Pack,1,5.00,bought
2026-07-11,Saturday,11:58,Edmonds Safeway,seen,Surging Sparks Booster Pack,0,,another shopper bought it
2026-07-11,Saturday,11:58,Edmonds Safeway,seen,Perfect Order Booster Pack,0,,left it
2026-07-11,Saturday,11:58,Edmonds Safeway,seen,Mega Evolution Booster Pack,0,,left it
2026-07-11,Saturday,11:58,Edmonds Safeway,seen,Chaos Rising Booster Bundle,0,,BUNDLE - held over from prior cycle; left it (does not want CR bundles)
2026-07-11,Saturday,11:58,Edmonds Safeway,seen,Journey Together Booster Pack,0,,held over from prior cycle; left it
2026-07-11,Saturday,12:58,Edmonds Safeway,seen,Surging Sparks Booster Pack,0,,left it - other shoppers bought
2026-07-11,Saturday,12:58,Edmonds Safeway,seen,Chaos Rising Booster Pack,0,,2 packs - left them; other shoppers bought
2026-07-11,Saturday,14:28,Edmonds Safeway,seen,Mega Evolution Booster Pack,0,,left it
2026-07-11,Saturday,14:28,Edmonds Safeway,seen,Chaos Rising Booster Pack,0,,left it
2026-07-11,Saturday,14:58,Edmonds Safeway,hit,Destined Rivals Booster Pack,1,5.00,bought
2026-07-11,Saturday,14:58,Edmonds Safeway,seen,Perfect Order Booster Pack,0,,left it
2026-07-11,Saturday,16:58,Edmonds Safeway,seen,Surging Sparks Booster Pack,0,,left it - a kid grabbed it
2026-07-11,Saturday,17:28,Edmonds Safeway,seen,Chaos Rising Booster Pack,0,,single CR - assumed left (confirm if bought)
2026-07-11,Saturday,17:37,Winco,miss,,0,,NEW machine near Safeway; off-schedule random click (drop time unknown) - miss not meaningful vs a real mark
2026-07-11,Saturday,17:43,Edmonds Safeway,hit,Chaos Rising Booster Pack,2,5.00,bought 2 sitting CR singles as pull-forward trigger
2026-07-11,Saturday,17:43,Edmonds Safeway,hit,Mega Evolution Booster Pack,1,5.00,"EARLY-PULL CONFIRMED - popped out immediately after buying the 2 CR; bought it; nothing further came (pulls one item, no cascade)"
2026-07-11,Saturday,21:28,Edmonds Safeway,seen,Perfect Order Booster Pack,0,,left it
2026-07-11,Saturday,21:28,Edmonds Safeway,seen,Chaos Rising Booster Pack,0,,left it
2026-07-11,Saturday,21:34,Shoreline Fred Meyer,hit,Prismatic Evolutions Booster Bundle,1,30.00,BUNDLE - sitting stock (off-mark ~9:34); bought it
2026-07-11,Saturday,21:34,Shoreline Fred Meyer,seen,Chaos Rising Booster Pack,0,,left it
2026-07-11,Saturday,21:34,Shoreline Fred Meyer,seen,Mega Evolution Booster Pack,0,,EARLY-PULL - pulled in when he bought the PE bundle; left it
2026-07-11,Saturday,21:47,Edmonds Safeway,hit,Chaos Rising Booster Pack,1,5.00,bought sitting CR to trigger the :58 pull
2026-07-11,Saturday,21:47,Edmonds Safeway,seen,Perfect Order Booster Pack,0,,sitting stock - left it
2026-07-11,Saturday,21:58,Edmonds Safeway,hit,Destined Rivals Booster Pack,1,5.00,pulled-in :58 drop (DR+ME); bought the DR
2026-07-11,Saturday,21:58,Edmonds Safeway,seen,Mega Evolution Booster Pack,0,,pulled-in with the DR; left it
2026-07-12,Sunday,09:28,Edmonds Safeway,miss,,0,,dead drop (possibly early-pulled by another buyer)
2026-07-12,Sunday,10:28,Edmonds Safeway,miss,,0,,dead drop (possibly early-pulled by another buyer)
2026-07-12,Sunday,11:28,Edmonds Safeway,hit,Destined Rivals Booster Pack,1,5.00,bought
2026-07-12,Sunday,11:28,Edmonds Safeway,seen,Black Bolt Booster Bundle,0,,BUNDLE - another shopper grabbed it before Michael could (missed)
2026-07-12,Sunday,11:45,Winco,hit,Destined Rivals Booster Pack,1,5.00,bought (Winco time confirmed :15/:45)
2026-07-12,Sunday,14:28,Edmonds Safeway,hit,Destined Rivals Booster Pack,2,5.00,bought 2 DR singles
2026-07-12,Sunday,14:28,Edmonds Safeway,seen,Chaos Rising Booster Pack,0,,left it
2026-07-12,Sunday,14:28,Edmonds Safeway,seen,Perfect Order Booster Pack,0,,left it
2026-07-12,Sunday,14:28,Edmonds Safeway,seen,Mega Evolution Booster Pack,0,,left it
2026-07-12,Sunday,13:45,Winco,seen,Destined Rivals Booster Pack,0,,approx :45 mark; dropped but buyer just ahead took it - Michael got nothing
2026-07-12,Sunday,13:45,Winco,seen,Chaos Rising Booster Pack,0,,approx :45 mark; dropped but buyer just ahead took it - Michael got nothing
2026-07-12,Sunday,14:58,Edmonds Safeway,seen,Surging Sparks Booster Pack,0,,left it
2026-07-12,Sunday,14:58,Edmonds Safeway,seen,Mega Evolution Booster Pack,0,,left it
2026-07-12,Sunday,15:28,Edmonds Safeway,seen,Destined Rivals Booster Pack,0,,2 singles - taken by campers ahead (clicking every ~10s); Michael got nothing
2026-07-12,Sunday,15:28,Edmonds Safeway,seen,Surging Sparks Booster Pack,0,,taken by campers ahead; got nothing
2026-07-12,Sunday,15:28,Edmonds Safeway,seen,Perfect Order Booster Pack,0,,taken by campers ahead; got nothing
2026-07-12,Sunday,15:28,Edmonds Safeway,seen,Ascended Heroes Booster Bundle,0,,BUNDLE - taken by campers ahead; MISSED (his $85 flip item)
2026-07-12,Sunday,15:46,Shoreline Fred Meyer,hit,Destined Rivals Booster Pack,2,5.00,bought 2 DR singles
2026-07-12,Sunday,16:14,Edmonds Safeway,hit,Destined Rivals Booster Pack,1,5.00,DR sitting from the 3:58 drop; bought + received
2026-07-12,Sunday,16:28,Edmonds Safeway,seen,Destined Rivals Booster Pack,0,,pulled-in 4:28 DR - PAID $5 but machine ate it (not dispensed); refund requested w/ Pokemon Center - NOT in inventory
2026-07-12,Sunday,16:28,Edmonds Safeway,seen,Chaos Rising Booster Bundle,0,,BUNDLE pulled in with the eaten DR; left it
2026-07-12,Sunday,17:28,Edmonds Safeway,hit,White Flare Booster Bundle,1,30.00,BUNDLE - bought (cost assumed $30)
2026-07-12,Sunday,17:28,Edmonds Safeway,hit,Destined Rivals Booster Pack,1,5.00,bought
2026-07-12,Sunday,18:58,Edmonds Safeway,hit,Destined Rivals Booster Pack,1,5.00,bought
2026-07-12,Sunday,18:58,Edmonds Safeway,seen,Chaos Rising Booster Pack,0,,left it (only item not sold out on the screen; photo confirms)
2026-07-12,Sunday,20:52,Edmonds Safeway,hit,Chaos Rising Booster Pack,3,5.00,bought 3 sitting CR as pull-trigger (failed)
2026-07-12,Sunday,20:58,Edmonds Safeway,miss,,0,,pull-trigger FAILED - nothing came; likely the 8:58 was already pulled early by a prior buyer
2026-07-12,Sunday,20:58,Edmonds Safeway,seen,Journey Together Booster Pack,0,,left it; still there at 8:58 with nothing new = confirms the 8:58 was already pulled early (the 3 CR were the leftover)
2026-07-12,Sunday,21:16,Shoreline Fred Meyer,miss,,0,,dead drop
2026-07-12,Sunday,21:28,Edmonds Safeway,miss,,0,,dead drop
2026-07-12,Sunday,21:58,Edmonds Safeway,miss,,0,,dead drop - genuinely empty (not early-pulled: 9:28 was also empty so nothing to pull in)
2026-07-13,Monday,09:58,Edmonds Safeway,seen,Chaos Rising Booster Pack,0,,single CR - assumed left (confirm if bought)
2026-07-13,Monday,10:58,Edmonds Safeway,hit,Destined Rivals Booster Pack,1,5.00,bought
2026-07-13,Monday,17:58,Edmonds Safeway,hit,White Flare Booster Bundle,1,30.00,BUNDLE - bought (cost assumed $30)
2026-07-13,Monday,17:58,Edmonds Safeway,seen,Journey Together Booster Pack,0,,left it
2026-07-13,Monday,17:58,Edmonds Safeway,seen,Mega Evolution Booster Pack,0,,left it
2026-07-13,Monday,20:58,Edmonds Safeway,hit,Surging Sparks Booster Pack,1,5.00,"dropped 8:58 (left), bought 9:24 as pull trigger"
2026-07-13,Monday,21:24,Edmonds Safeway,hit,Prismatic Evolutions Booster Bundle,1,30.00,BUNDLE - EARLY-PULL: pulled in after buying the sitting SS; bought it
2026-07-14,Tuesday,09:28,Edmonds Safeway,miss,,0,,dead drop - nothing
2026-07-14,Tuesday,09:46,Shoreline Fred Meyer,hit,Destined Rivals Booster Pack,1,5.00,"single DR pack, bought"
2026-07-14,Tuesday,13:58,Edmonds Safeway,hit,Destined Rivals Booster Pack,2,5.00,two DR packs at the 1:58 drop
2026-07-14,Tuesday,16:28,Edmonds Safeway,seen,Mega Evolution Booster Pack,0,,single ME sitting - left it
2026-07-14,Tuesday,16:46,Shoreline Fred Meyer,miss,,0,,dead drop - nothing
2026-07-14,Tuesday,17:25,Shoreline Safeway,hit,Ascended Heroes Booster Bundle,1,30.00,BUNDLE - from a 4-item drop that popped ~:25 (empty at :20)
2026-07-14,Tuesday,17:25,Shoreline Safeway,hit,Destined Rivals Booster Pack,1,5.00,bought from same 4-item drop
2026-07-14,Tuesday,17:25,Shoreline Safeway,seen,Surging Sparks Booster Pack,0,,left it (same drop)
2026-07-14,Tuesday,17:25,Shoreline Safeway,seen,Mega Evolution Booster Pack,0,,left it (same drop)
2026-07-14,Tuesday,20:58,Edmonds Safeway,seen,Chaos Rising Booster Pack,0,,dropped at 8:58 - left initially; bought one at 9:24 (see 21:24 hit)
2026-07-14,Tuesday,20:58,Edmonds Safeway,seen,Perfect Order Booster Pack,0,,dropped at 8:58 - left it then; later bought at 9:58 (see 21:58 hit)
2026-07-14,Tuesday,21:16,Shoreline Fred Meyer,miss,,0,,dead drop - nothing
2026-07-14,Tuesday,21:24,Edmonds Safeway,hit,Chaos Rising Booster Pack,1,5.00,bought sitting CR as pull trigger - did NOT pull an early drop (verifying :28)
2026-07-14,Tuesday,21:28,Edmonds Safeway,miss,,0,,dead - nothing new dropped after the sitting PO; confirms 9:24 CR trigger had no slot to pull
2026-07-14,Tuesday,21:58,Edmonds Safeway,hit,Perfect Order Booster Pack,2,5.00,2 PO at :58 (leftover + fresh drop); bought both to test for a pull - NOTHING pulled (confirms pull needs a queued next drop; 10:28 not yet queued)
2026-07-15,Wednesday,11:28,Edmonds Safeway,hit,Destined Rivals Booster Pack,2,5.00,first trip of the day
2026-07-15,Wednesday,11:38,Shoreline Fred Meyer,hit,Perfect Order Booster Pack,1,5.00,"sitting stock (leftover from :16); bought as trigger - no pull followed, likely already pulled early by another buyer (not a dead drop)"
2026-07-15,Wednesday,11:38,Shoreline Fred Meyer,seen,Journey Together Booster Pack,0,,left it
2026-07-15,Wednesday,11:58,Edmonds Safeway,seen,Surging Sparks Booster Pack,0,,single SS pack - left it
2026-07-15,Wednesday,14:58,Edmonds Safeway,seen,Chaos Rising Booster Pack,0,,left it
2026-07-15,Wednesday,14:58,Edmonds Safeway,seen,Perfect Order Booster Pack,0,,left it
2026-07-18,Saturday,12:16,Shoreline Fred Meyer,hit,Destined Rivals Booster Pack,1,5.00,bought on the :16 mark
2026-07-18,Saturday,13:51,Edmonds Safeway,hit,Chaos Rising Booster Pack,1,5.00,"bought sitting CR as pull trigger - EARLY-PULL WORKED, pulled the :58 in early"
2026-07-18,Saturday,13:51,Edmonds Safeway,seen,Journey Together Booster Pack,0,,sitting stock - left it
2026-07-18,Saturday,13:51,Edmonds Safeway,seen,Chaos Rising Booster Bundle,0,,BUNDLE - EARLY-PULL: pulled in the :58; left it (does not want CR bundles)
2026-07-18,Saturday,13:51,Edmonds Safeway,seen,Perfect Order Booster Pack,0,,EARLY-PULL: pulled in with the CR bundle; left it
2026-07-19,Sunday,12:38,Shoreline Fred Meyer,hit,Destined Rivals Booster Pack,2,5.00,2 DR packs; arrived early (~:38) before the :46
2026-07-19,Sunday,12:38,Shoreline Fred Meyer,seen,White Flare Booster Bundle,0,,BUNDLE - another buyer camping the machine took it (Michael got none)
2026-07-19,Sunday,12:38,Shoreline Fred Meyer,seen,Prismatic Evolutions Booster Bundle,0,,BUNDLE - taken by the same buyer
2026-07-19,Sunday,12:38,Shoreline Fred Meyer,seen,Ascended Heroes Booster Bundle,0,,BUNDLE - EARLY-PULL by the other buyer (pulled the next drop in); 3 bundles swept in one visit - unprecedented per Michael
2026-07-19,Sunday,14:48,Edmonds Safeway,hit,Prismatic Evolutions Booster Bundle,1,30.00,"BUNDLE - sitting :28 drop (sat ~20 min); bought it, purchase triggered the early-pull"
2026-07-19,Sunday,14:48,Edmonds Safeway,seen,Chaos Rising Booster Pack,0,,sitting with the Prismatic (:28 drop) - left it
2026-07-19,Sunday,14:48,Edmonds Safeway,hit,Destined Rivals Booster Pack,1,5.00,EARLY-PULL: from the pulled-in :58 drop; bought it
2026-07-19,Sunday,14:48,Edmonds Safeway,seen,Journey Together Booster Pack,0,,pulled-in :58 drop - left it
2026-07-19,Sunday,14:48,Edmonds Safeway,seen,Surging Sparks Booster Pack,0,,pulled-in :58 drop - left it
2026-07-20,Monday,09:13,Edmonds Safeway,hit,White Flare Booster Bundle,1,30.00,"BUNDLE - sitting :58 drop (arrived :15 after); bought it, triggered the early-pull"
2026-07-20,Monday,09:13,Edmonds Safeway,seen,Mega Evolution Booster Pack,0,,sitting with the WF bundle - left it
2026-07-20,Monday,09:13,Edmonds Safeway,hit,Prismatic Evolutions Booster Bundle,1,30.00,BUNDLE - EARLY-PULL: pulled in the :28 drop; bought it. Double-bundle visit
2026-07-20,Monday,16:28,Edmonds Safeway,hit,Destined Rivals Booster Pack,1,5.00,fresh restock (nearly all single types in stock); bought 1
2026-07-20,Monday,16:28,Edmonds Safeway,seen,Chaos Rising Booster Pack,0,,in stock at restock - left it
2026-07-20,Monday,16:28,Edmonds Safeway,seen,Mega Evolution Booster Pack,0,,in stock at restock - left it
2026-07-20,Monday,16:28,Edmonds Safeway,seen,Journey Together Booster Pack,0,,in stock at restock - left it
2026-07-20,Monday,16:28,Edmonds Safeway,seen,Surging Sparks Booster Pack,0,,in stock at restock - left it
2026-07-20,Monday,17:25,Shoreline Safeway,seen,Journey Together Booster Pack,0,,single JT pack - left it (:25 mark)
2026-07-20,Monday,17:25,Shoreline Safeway,seen,Chaos Rising Booster Pack,0,,"single CR pack - left it (:25 mark, alongside the JT)"
2026-07-20,Monday,17:58,Edmonds Safeway,hit,Destined Rivals Booster Pack,1,5.00,big drop; kept 1 DR
2026-07-20,Monday,17:58,Edmonds Safeway,hit,Ascended Heroes Booster Bundle,1,30.00,"BUNDLE - bought for Mario (Hawaii), flipped to him ~$80"
2026-07-20,Monday,17:58,Edmonds Safeway,seen,Surging Sparks Booster Pack,0,,big drop - left it
2026-07-20,Monday,17:58,Edmonds Safeway,seen,Journey Together Booster Pack,0,,big drop - left it
2026-07-20,Monday,17:58,Edmonds Safeway,seen,Perfect Order Booster Pack,0,,big drop - left it
2026-07-20,Monday,21:58,Edmonds Safeway,hit,Destined Rivals Booster Pack,1,5.00,last-chance WF/BB run; only a DR dropped - assumed bought (confirm if left)
2026-07-21,Tuesday,12:28,Edmonds Safeway,hit,Destined Rivals Booster Pack,1,5.00,bought on the :28 mark
2026-07-21,Tuesday,14:45,Shoreline Fred Meyer,hit,Surging Sparks Booster Pack,1,5.00,bought; drop at ~:45 - possible shift from :16/:46 (marks unconfirmed)
2026-07-21,Tuesday,17:45,Shoreline Fred Meyer,hit,Destined Rivals Booster Bundle,1,30.00,BUNDLE - first of the new DR bundles from the machine; :45 mark confirms Fred Meyer shifted to :15/:45
2026-07-22,Wednesday,16:28,Edmonds Safeway,hit,Destined Rivals Booster Pack,1,5.00,bought on the :28 mark
2026-07-23,Thursday,12:51,Edmonds Safeway,hit,Surging Sparks Booster Pack,1,5.00,"early (~:51 before :58); sitting leftover, bought as trigger"
2026-07-23,Thursday,12:51,Edmonds Safeway,seen,Perfect Order Booster Pack,0,,was sitting; VANISHED on the refresh (replaced by the pulled DR) - anomaly
2026-07-23,Thursday,12:51,Edmonds Safeway,hit,Destined Rivals Booster Pack,1,5.00,came out on the refresh/pull; bought
2026-07-23,Thursday,13:28,Edmonds Safeway,hit,Ascended Heroes Booster Bundle,1,30.00,BUNDLE - bought; likely Mario $80 (sale pending confirmation)
2026-07-23,Thursday,13:28,Edmonds Safeway,seen,Surging Sparks Booster Pack,0,,dropped alongside the AH - left it
2026-07-23,Thursday,17:20,Shoreline Safeway,hit,Surging Sparks Booster Pack,1,5.00,bought as pull trigger (off-mark ~:20) - nothing pulled
2026-07-23,Thursday,17:35,Shoreline Fred Meyer,hit,Chaos Rising Booster Pack,1,5.00,bought off-mark ~:35 as trigger - nothing came
2026-07-23,Thursday,17:58,Edmonds Safeway,hit,Destined Rivals Booster Pack,1,5.00,bought on the :58 mark
2026-07-24,Friday,9:37,Edmonds Safeway,hit,Destined Rivals Booster Pack,1,5.00,Sitting on arrival (from :28 drop); waited to 9:43 for a double drop - nothing came out
2026-07-24,Friday,13:23,Edmonds Safeway,hit,Destined Rivals Booster Pack,2,5.00,2 sitting on arrival (early ~:23 vs :28 mark); bought both
2026-07-24,Friday,13:23,Edmonds Safeway,seen,Mega Evolution Booster Pack,0,,sitting alongside the DRs; left it
2026-07-24,Friday,16:26,Edmonds Safeway,hit,Destined Rivals Booster Pack,1,5.00,1 min early vs :28; ALL single pack types available (no bundles); bought DR - trigger pulled nothing after
2026-07-24,Friday,17:31,Shoreline Safeway,hit,Destined Rivals Booster Pack,3,5.00,3 packs; machine loaded but skip-tier - desirable stuff (Pitch Black/AH/DR bundle/PO bundle) all sold out
2026-07-24,Friday,17:31,Shoreline Safeway,hit,Journey Together Booster Bundle,1,26.94,bundle @ 26.94
2026-07-24,Friday,17:31,Shoreline Safeway,seen,Chaos Rising Booster Pack,0,,available on screen - left it
2026-07-24,Friday,17:31,Shoreline Safeway,seen,Chaos Rising Booster Bundle,0,,available on screen - left it
2026-07-24,Friday,17:31,Shoreline Safeway,seen,Perfect Order Booster Pack,0,,available on screen - left it
2026-07-24,Friday,17:31,Shoreline Safeway,seen,Mega Evolution Booster Pack,0,,available on screen - left it
2026-07-24,Friday,17:43,Edmonds Safeway,hit,Ascended Heroes Booster Bundle,1,30.00,sitting between marks (~:43); Charlotte spotted it; bought (likely Mario sale pending)
2026-07-24,Friday,17:43,Edmonds Safeway,seen,Pitch Black Booster Bundle,0,,sitting alongside the AH; left it (PB skip-tier)
2026-07-27,Monday,13:51,Shoreline Fred Meyer,miss,,,,checked ~:51 - nothing (arrived early)
2026-07-27,Monday,13:54,Shoreline Fred Meyer,hit,Destined Rivals Booster Pack,1,5.00,NEW ~:54 mark (was :15/:45); multi-drop - bought DR single
2026-07-27,Monday,13:54,Shoreline Fred Meyer,seen,Pitch Black Booster Bundle,0,,on screen in the :54 multi-drop - left (skip-tier)
2026-07-27,Monday,13:54,Shoreline Fred Meyer,seen,Journey Together Booster Pack,0,,on screen in the :54 multi-drop - left
2026-07-27,Monday,13:54,Shoreline Fred Meyer,seen,Chaos Rising Booster Pack,0,,on screen in the :54 multi-drop - left
2026-07-26,Sunday,18:48,Edmonds Safeway,miss,,,,tapped ~:48 (early) - nothing
2026-07-26,Sunday,18:58,Edmonds Safeway,miss,,,,tapped :58 (old mark) - nothing; old :58 mark now dead
2026-07-26,Sunday,19:07,Edmonds Safeway,seen,Pitch Black Booster Pack,0,,clicked on the way out at 7:07 - PB pack dropped (confirms NEW :07 mark); left it (PB skip-tier)
2026-07-27,Monday,15:23,Shoreline Fred Meyer,hit,Prismatic Evolutions Booster Bundle,1,30.00,:23 mark (confirms new FM time ~:22:30/:23) - bought (Prismatic = want)
2026-07-27,Monday,15:23,Shoreline Fred Meyer,seen,Journey Together Booster Pack,0,,single in the machine alongside the Prismatic bundle - left it
2026-07-27,Monday,17:37,Edmonds Safeway,hit,Destined Rivals Booster Bundle,1,30.00,:37 mark - CONFIRMS the new Safeway :37 partner mark; bought (DR = want)
2026-07-28,Tuesday,10:05,Edmonds Safeway,hit,Destined Rivals Booster Pack,2,5.00,2 sitting right after a fresh restock (clerk closed door); bought both; nothing pulled after
2026-07-28,Tuesday,10:07,Edmonds Safeway,miss,,,,"waited for :07 - nothing; buying the sitting DR at ~:05 likely already pulled it, OR restock shifted the timing (TBD)"
2026-07-29,Wednesday,12:07,Edmonds Safeway,hit,Destined Rivals Booster Pack,1,5.00,:07 mark - bought (DR = want); confirms :07 alive after the 7/28 restock question
2026-07-29,Wednesday,12:37,Edmonds Safeway,seen,Surging Sparks Booster Pack,0,,:37 mark produced - single SS pack; left it
2026-07-29,Wednesday,12:37,Edmonds Safeway,seen,Pitch Black Booster Pack,0,,:37 mark produced alongside the SS single; left it (PB skip-tier)
2026-07-29,Wednesday,14:23,Shoreline Fred Meyer,hit,Destined Rivals Booster Pack,2,5.00,":23 mark (drop lands :22:30) - bought both; time inferred from a ~2:29pm report, confirm if off"
2026-07-29,Wednesday,16:23,Shoreline Fred Meyer,hit,Destined Rivals Booster Pack,2,5.00,:23 mark again (2nd FM trip today) - bought both
2026-07-29,Wednesday,18:07,Edmonds Safeway,hit,Destined Rivals Booster Pack,1,5.00,:07 mark again (3rd confirmed :07/:37 drop today) - bought
2026-07-30,Thursday,16:12,Edmonds Safeway,hit,Surging Sparks Booster Pack,1,5.00,"got there 4:12, late for the :07; nobody had tapped so this IS the :07 output sitting untapped - counts as a productive :07"
2026-07-30,Thursday,16:12,Edmonds Safeway,hit,Destined Rivals Booster Pack,1,5.00,same untapped :07 drop as the SS pack - two packs came out of that one mark
2026-07-31,Friday,10:07,Edmonds Safeway,hit,Destined Rivals Booster Pack,1,5.00,:07 mark - bought
2026-07-31,Friday,12:37,Edmonds Safeway,hit,Destined Rivals Booster Pack,1,5.00,:37 mark - single DR pack; bought (2nd Safeway trip today)
2026-07-31,Friday,14:37,Edmonds Safeway,hit,Surging Sparks Booster Pack,1,5.00,:37 mark - single SS pack; bought (3rd Safeway trip today)
2026-08-01,Saturday,18:07,Edmonds Safeway,hit,Destined Rivals Booster Pack,1,5.00,:07 mark - single DR pack; bought
2026-08-02,Sunday,10:17,Shoreline Fred Meyer,hit,Destined Rivals Booster Pack,1,5.00,off-mark (:23/:53 are the marks) - DR pack sitting from an earlier drop; bought it and NOTHING pulled forward
2026-08-03,Monday,10:04,Edmonds Safeway,hit,Destined Rivals Booster Pack,2,5.00,"off-mark at :04 - NOT a fresh drop, 2 DR packs were already sitting; bought both. Nothing pulled forward. Michael unsure whether the :07/:37 marks still hold, he has not been going as often"
2026-08-03,Monday,12:34,Edmonds Safeway,hit,Destined Rivals Booster Pack,1,5.00,"bought the sitting DR at :34, 3 min before the :37 - the buy PULLED THE :37 DROP IN EARLY. Early-pull mechanic CONFIRMED STILL ALIVE (answers the 8/2 software-patch worry)"
2026-08-03,Monday,12:34,Edmonds Safeway,seen,Mega Evolution Booster Pack,0,,came out of the pulled-forward :37 drop alongside a Journey Together single; left it
2026-08-03,Monday,12:34,Edmonds Safeway,seen,Journey Together Booster Pack,0,,same pulled-forward :37 drop as the Mega Evolution single; left it. Real 12:37 slot should now be dead
2026-08-03,Monday,13:07,Edmonds Safeway,seen,Surging Sparks Booster Pack,0,,:07 mark produced on time while he stood there - CONFIRMS :07 still alive. Left it
2026-08-03,Monday,13:07,Edmonds Safeway,seen,Chaos Rising Booster Pack,0,,"same :07 drop, product ID uncertain (Michael was not sure, maybe Chaos Rising). Left it"
2026-08-03,Monday,13:37,Edmonds Safeway,seen,Pitch Black Booster Pack,0,,":37 mark produced on time after a ~15 min wait - THIRD mark confirmation today. Single PB pack, skip-tier; logged as seen/not bought (he vented rather than saying he bought it - correct me if he grabbed it)"
2026-08-03,Monday,16:07,Edmonds Safeway,seen,Journey Together Booster Pack,0,,":07 mark on time - FOURTH mark confirmation today. 3-item drop (2x JT + 1x ME). Logged as seen/not bought, matching the 12:34 precedent where he left JT and ME singles; correct me if he grabbed them"
2026-08-03,Monday,16:07,Edmonds Safeway,seen,Journey Together Booster Pack,0,,second JT single from the same :07 three-item drop
2026-08-03,Monday,16:07,Edmonds Safeway,seen,Mega Evolution Booster Pack,0,,third item from the same :07 drop alongside the 2 JT singles
2026-08-03,Monday,17:37,Edmonds Safeway,hit,Destined Rivals Booster Pack,1,5.00,:37 mark - FIFTH mark confirmation today. Multi-item drop with a Surging Sparks; bought both
2026-08-03,Monday,17:37,Edmonds Safeway,hit,Surging Sparks Booster Pack,1,5.00,same :37 multi-item drop as the DR; bought
2026-08-03,Monday,17:37,Edmonds Safeway,seen,Mega Evolution Booster Pack,0,,appeared in the machine after clicking (Charlotte was clicking) - looks like another early-pull of the next drop. Left it
2026-08-04,Tuesday,11:07,Edmonds Safeway,hit,Ascended Heroes Booster Bundle,1,30.00,"AH bundle on the :07 mark; sold to Mario (Hawaii) $80 same day, Venmo received"
2026-08-05,Wednesday,16:18,Shoreline Fred Meyer,seen,Pitch Black Booster Bundle,0,,NEW MARK :18 confirmed - clicked at :18 after a couple of earlier clicks and it dropped. Multi-item drop. Second bundle in two days after the 8/04 AH bundle ended the drought; Pitch Black is skip-tier so he left it
2026-08-05,Wednesday,16:18,Shoreline Fred Meyer,seen,Chaos Rising Booster Pack,0,,same :18 multi-item drop; left it
2026-08-05,Wednesday,16:18,Shoreline Fred Meyer,seen,Surging Sparks Booster Pack,0,,same :18 multi-item drop; left it
2026-08-05,Wednesday,16:18,Shoreline Fred Meyer,seen,Perfect Order Booster Pack,0,,same :18 multi-item drop; left it
2026-08-06,Thursday,09:37,Edmonds Safeway,miss,,0,,"Stood for the :37 with a Perfect Order pack already sitting from before 9:34. Nothing dropped. Michael suspects a mark change; see vending_machines.md, the leftover PO is more likely the :37 already pulled forward by an earlier buyer"
2026-08-06,Thursday,09:38,Edmonds Safeway,hit,Perfect Order Booster Pack,1,5.00,"PO was sitting on arrival at 9:34, not a fresh drop. Bought it after the dead :37 as a pull-trigger test and to clear the machine for a later trip. Nothing pulled, consistent with the 10:07 not being queued yet"
2026-08-06,Thursday,16:17,Shoreline Fred Meyer,hit,Destined Rivals Booster Pack,2,5.00,"NEW MARK :17 CONFIRMED by Michael on the spot, correcting yesterday's :18. Multi-item drop; bought both DR"
2026-08-06,Thursday,16:17,Shoreline Fred Meyer,seen,Perfect Order Booster Pack,0,,same :17 drop; left it (skip-tier)
2026-08-06,Thursday,16:17,Shoreline Fred Meyer,seen,Chaos Rising Booster Pack,0,,same :17 drop; left it (skip-tier)
2026-08-06,Thursday,16:17,Shoreline Fred Meyer,seen,Pitch Black Booster Pack,0,,same :17 drop; left it (skip-tier)
2026-08-07,Friday,11:59,Edmonds Safeway,hit,Destined Rivals Booster Pack,2,5.00,"OFF-MARK random-time buy; Michael said he does not know the current mark after the 8/06 dead :37. Voice note cut off, may be incomplete"
2026-08-07,Friday,11:59,Edmonds Safeway,hit,Surging Sparks Booster Pack,1,5.00,same off-mark buy
2026-08-07,Friday,12:17,Shoreline Fred Meyer,hit,Destined Rivals Booster Pack,2,5.00,ON the :17 mark - SECOND clean confirmation after 2026-08-06 16:17. Mark settled at :17/:47
2026-08-07,Friday,12:46,Edmonds Safeway,hit,Destined Rivals Booster Pack,1,5.00,"NEW MARKS :16/:46 PROVEN. Michael stood the machine ~20 min tapping every minute with nothing sitting; it popped at :46. Confirms the mark DID change, which the 8/06 dead :37 had suggested"
2026-08-07,Friday,12:46,Edmonds Safeway,seen,Pitch Black Booster Bundle,0,,same :46 drop that proved the new marks; left it (PB is skip-tier). THIRD bundle since the drought broke
2026-08-07,Friday,12:46,Edmonds Safeway,seen,Perfect Order Booster Pack,0,,same :46 multi-item drop; left it (skip-tier)
2026-08-08,Saturday,12:46,Edmonds Safeway,hit,Destined Rivals Booster Pack,1,5.00,"ON the :46 mark. THIRD confirmation of the new :16/:46 marks. Full-screen inventory photo taken, see the seen rows below for everything the machine was holding"
2026-08-08,Saturday,13:16,Edmonds Safeway,hit,Destined Rivals Booster Pack,1,5.00,"ON the :16 mark. Same load as 12:46 carried through, DR packs still available a full mark later - the load did NOT clear in one 30-min window"
2026-08-08,Saturday,12:46,Edmonds Safeway,seen,Pitch Black Booster Pack,0,,"loaded-screen snapshot; available at 4.49 sticker, not bought"
2026-08-08,Saturday,12:46,Edmonds Safeway,seen,Chaos Rising Booster Pack,0,,"loaded-screen snapshot; available at 4.49 sticker, not bought"
2026-08-08,Saturday,12:46,Edmonds Safeway,seen,Chaos Rising Booster Bundle,0,,"loaded-screen snapshot; available at 26.94 sticker, not bought. Bundle availability again, the drought is well and truly over"
2026-08-08,Saturday,12:46,Edmonds Safeway,seen,Mega Evolution Booster Pack,0,,"loaded-screen snapshot; available at 4.49 sticker, not bought"
2026-08-08,Saturday,12:46,Edmonds Safeway,seen,Journey Together Booster Pack,0,,"loaded-screen snapshot; available at 4.49 sticker, not bought"
2026-08-08,Saturday,12:46,Edmonds Safeway,seen,Surging Sparks Booster Pack,0,,"loaded-screen snapshot; available at 4.49 sticker, not bought"
2026-08-08,Saturday,15:17,Shoreline Fred Meyer,hit,Destined Rivals Booster Pack,1,5.00,ON the :17 mark. THIRD clean on-mark confirmation for this machine (after 8/06 16:17 and 8/07 12:17). Michael asked for the mark at 15:14 and hit it three minutes later
2026-08-09,Sunday,14:16,Edmonds Safeway,hit,Destined Rivals Booster Bundle,1,30.00,ON the :16 mark. FOURTH straight on-mark confirmation of :16/:46. A WANTED bundle (DR) rather than skip-tier - fifth bundle since the drought broke and the second desirable one
2026-08-10,Monday,,Edmonds Safeway,note,,,,"REPORTED MARK CHANGE to :28/:58, unconfirmed. Michael suspects the schedule moved off :16/:46. Note :28/:58 is the mark Edmonds ran until 2026-07-27, so this would be a revert rather than a new time"
2026-08-10,Monday,16,Edmonds Safeway,miss,,0,,Stood the :16 and nothing dropped. First sign the mark had moved off :16/:46
2026-08-10,Monday,28,Edmonds Safeway,seen,Pitch Black Booster Pack,0,,"Secondhand: another shopper reported a drop at :28 after Michael left, and the Pitch Black was still sitting there when he returned, corroborating it"
2026-08-10,Monday,48,Edmonds Safeway,seen,Chaos Rising Booster Pack,0,,"EARLY-PULL PROBE. Michael told the other shopper to buy the sitting Pitch Black at :48; it pulled the next drop in early and produced a Chaos Rising. A trigger buy only pulls an ALREADY-QUEUED drop, so the next mark had to be :58. This NARROWS the next mark to roughly :50-:58, it does not pin :58. Not a confirmation"
2026-08-11,Tuesday,10:38,Edmonds Safeway,hit,Destined Rivals Booster Pack,1,5.00,"OFF-MARK grab of leftover stock. Michael arrived roughly 10 minutes after the drop by his own estimate and nobody had bought it. 10:38 minus ~10 min lands near :28, which is CONSISTENT with the unconfirmed :28 mark but is NOT a confirmation because he did not witness the drop. The reliable signal here is that Edmonds stock SITS: a DR pack survived a full ~10 minutes unbought, matching the 08-08 pattern of loads carrying between marks"
2026-08-11,Tuesday,11:26,Edmonds Safeway,miss,,0,,Stood the :26 (one of two reported new marks). Nothing dropped. A Surging Sparks single was already sitting in the machine unsold from an earlier drop
2026-08-11,Tuesday,11:28,Edmonds Safeway,miss,,0,,"Stood the :28 as well. Nothing dropped, Surging Sparks still sitting. Michael left for his car and wrote it off"
2026-08-11,Tuesday,11:30,Edmonds Safeway,hit,Surging Sparks Booster Pack,1,5.00,"Bought the sitting Surging Sparks single at ~11:30 and a PRISMATIC EVOLUTIONS BUNDLE appeared. CORRECTED READ: I first wrote this up as a slot-blocking trigger buy. Michael refuted that same day - a jammed machine that nobody can buy from keeps stacking product for hours, so drops continue regardless of what is sitting there and nothing was ever blocked. With blocking ruled out, the bundle appearing at ~:30 is simply a drop landing on its real mark. Combined with the :26 and :28 both coming up empty, this points at a :30 mark, matching the 10:38 pack that had dropped ~10 min earlier (~10:28-10:30)"
2026-08-12,Wednesday,17:55,Edmonds Safeway,hit,Surging Sparks Booster Pack,1,5.00,"AMBIGUOUS, does not test the mark. Michael bought it at 17:55 but does not know whether it was a fresh drop or stock that had been sitting. Both readings fit the current :00/:30 working estimate: if it was sitting it likely came from the 17:30 mark and sat ~25 min, consistent with the 08-11 finding that Edmonds stock survives well over 10 minutes unbought; if it was fresh it would imply a :55 mark and break the model. Needs a witnessed drop to settle"
2026-08-13,Thursday,12:28,Edmonds Safeway,hit,Ascended Heroes Booster Bundle,1,30.00,"ON the :28. Best mark evidence since the schedule got unstable, and it points back to :28/:58 rather than the :00/:30 I revised to on 08-11. That revision rested on Michael saying 'like 11:30 or 11:31' for the Prismatic bundle, an approximate phone time; a 2-3 minute reporting slop collapses it into :28. July agrees: #487 pulled 1:28, #479 pulled 5:58, #497 noted 5:43 as between the :28/:58 marks"
2026-08-13,Thursday,12:28,Edmonds Safeway,seen,Pitch Black Booster Pack,0,,"Sitting in the machine alongside the AH bundle and deliberately left. Confirms again that Edmonds stock accumulates rather than clearing, so a full screen is not evidence of a recent drop"
2026-08-13,Thursday,,Edmonds Safeway,note,,,,"MARK CONFIRMED :28/:58. Michael closed out the question that had been open since 08-10. This is a REVERT, Edmonds ran :28/:58 until 07-27 then :07/:37 then :16/:46 and is now back on it"
2026-08-13,Thursday,,Shoreline Fred Meyer,note,,,,"MARK CHANGED :17/:47 -> :15/:45. The old :17 was logged as confirmed 3x, but all three were on-mark PURCHASES (16:17, 12:17, 15:17), and a pack bought at :17 may have dropped at :15. Buying on a minute is weaker evidence than watching a drop land on it"
2026-08-13,Thursday,,Shoreline Safeway,note,,,,MARK CHANGED :25/:55 -> :07/:37. Retires the unresolved secondhand :22-ish/:52-ish tip from 07-30
2026-08-13,Thursday,17:37,Shoreline Safeway,hit,Destined Rivals Booster Bundle,1,30.00,"ON the :37. FIRST field test of the :07/:37 mark Michael confirmed earlier the same day, and it hit. Independent validation of the new time"
2026-08-13,Thursday,17:45,Shoreline Fred Meyer,hit,Destined Rivals Booster Bundle,1,30.00,"ON the :45. FIRST field test of the revised :15/:45 mark (was :17/:47), and it hit. ROUTE NOTE: same run as the Shoreline Safeway :37 bundle eight minutes earlier, so the two Shoreline machines can be doubled up in one trip because their marks sit 8 minutes apart and so does the drive"
2026-08-14,Friday,13:28,Edmonds Safeway,hit,Destined Rivals Booster Pack,1,5.00,"ON the :28. Another clean on-mark hit since the mark was confirmed on 08-13, so :28/:58 is holding"
2026-08-14,Friday,13:28,Edmonds Safeway,seen,Mega Evolution Booster Pack,0,,Also in the machine at the same time and deliberately left. Same load as the DR pack above
2026-08-14,Friday,15:57,Edmonds Safeway,hit,Destined Rivals Booster Pack,1,5.00,"EARLY PULL, not an on-mark hit. Michael bought at 15:57, one minute before the :58 (time corrected twice: logged as 16:58, then 16:57, actually 15:57, and it came BEFORE the Fred Meyer 16:15 buy), and the purchase pulled the queued drop in early: a Perfect Order pack and a Chaos Rising single came out, both left. CORRECTED: I first logged this as 16:58 ON the mark and called it the confirmation that pins the 30-minute cadence. It is not. A trigger buy shows a drop was ALREADY QUEUED near :58, which is consistent with the mark but is not the same as standing it and watching it land. I made this exact overclaim on the 08-10 early pull and Michael corrected it then too"
2026-08-14,Friday,15:57,Edmonds Safeway,seen,Perfect Order Booster Pack,0,,"Came out on the early pull triggered by the DR purchase above, left in the machine"
2026-08-14,Friday,15:57,Edmonds Safeway,seen,Chaos Rising Booster Pack,0,,"Came out on the same early pull, left in the machine"
2026-08-14,Friday,16:15,Shoreline Fred Meyer,hit,Destined Rivals Booster Pack,1,5.00,"ON the mark, and Michael timed it to the second: the drop lands at :15:30, NOT :15:00. So Fred Meyer is :15:30/:45:30 and he says Edmonds Safeway is the same shape at :28:30/:58:30. Thirty seconds matters when you are tapping, and it explains why standing a mark on the minute can look like a miss"
2026-08-14,Friday,17:37,Shoreline Safeway,hit,Destined Rivals Booster Pack,1,5.00,"ON the :37. Second clean on-mark hit here since the :07/:37 change was reported 08-13, and both have landed at 17:37 exactly. The 30-second offset Michael timed at Fred Meyer and Edmonds has NOT been checked at this machine"
2026-08-14,Friday,17:45,Shoreline Fred Meyer,hit,Destined Rivals Booster Pack,3,5.00,"ON the mark. DEEPEST SINGLE DROP RECORDED: at least six items out at once. Three DR boosters and an Ascended Heroes bundle taken, a Perfect Order pack and a Chaos Rising pack left"
2026-08-14,Friday,17:45,Shoreline Fred Meyer,hit,Ascended Heroes Booster Bundle,1,30.00,"Same :45 drop as the three DR packs above. $30 in against roughly $83 market, the best single item of the day"
2026-08-14,Friday,17:45,Shoreline Fred Meyer,seen,Perfect Order Booster Pack,0,,"Out on the same :45 drop, left"
2026-08-14,Friday,17:45,Shoreline Fred Meyer,seen,Chaos Rising Booster Pack,0,,"Out on the same :45 drop, left"
2026-08-15,Saturday,10:24,Edmonds Safeway,note,,,,"TRIGGER BUY, normal mechanics, no mark change. The Surging Sparks was left over from the previous (:58) drop. Michael bought it at 10:24 and that pulled the 10:28 drop in early. I first logged this as 'drop came early, possible mark shift' which was wrong: 10:24 is when he arrived and triggered, not when a drop landed on its own. :28:30 is untouched"
2026-08-15,Saturday,10:24,Edmonds Safeway,hit,Surging Sparks Booster Pack,1,5.00,"Sitting when he arrived. Bought DELIBERATELY as a trigger to pull the next drop in, and it worked"
2026-08-15,Saturday,10:24,Edmonds Safeway,hit,Destined Rivals Booster Pack,1,5.00,Came out on the triggered drop
2026-08-15,Saturday,10:24,Edmonds Safeway,hit,Destined Rivals Booster Bundle,1,30.00,Came out on the triggered drop. Best item of the pull
2026-08-15,Saturday,10:24,Edmonds Safeway,seen,Perfect Order Booster Pack,0,,"Out on the triggered drop, left"
2026-08-15,Saturday,10:24,Edmonds Safeway,seen,Chaos Rising Booster Pack,0,,"Out on the triggered drop, left"
2026-08-15,Saturday,10:58,Edmonds Safeway,hit,Destined Rivals Booster Bundle,1,30.00,"ON the :58, SECOND DR bundle of the day from this machine, back to back with 10:24. Also a DR booster pack on this same drop. FIRST CLEAN :58 landing. The 08-14 attempt at 15:57 was a trigger buy, not a real on-mark drop, so this is what actually confirms the second half of :28:30/:58:30. Michael also noted back-to-back drops both carrying Destined Rivals product, which he has not seen before and which cuts against his one-DR-bundle-per-day assumption"
2026-08-15,Saturday,14:28,Edmonds Safeway,hit,Prismatic Evolutions Booster Bundle,1,30.00,ON the :28. Third clean on-mark landing at Edmonds today
2026-08-15,Saturday,14:28,Edmonds Safeway,hit,Destined Rivals Booster Pack,2,5.00,Same :28 drop as the Prismatic bundle
2026-08-15,Saturday,14:28,Edmonds Safeway,seen,Pitch Black Booster Bundle,0,,Out on the same :28 drop and left. SECOND bundle in one drop alongside the Prismatic
2026-08-15,Saturday,14:28,Edmonds Safeway,seen,Pitch Black Booster Pack,0,,"Out on the same :28 drop, left"
2026-08-15,Saturday,,Edmonds Safeway,note,,,,"⭐ RULE BROKEN, FIRST TIME ON RECORD. Edmonds put out TWO Destined Rivals bundles on the same day, back to back at 10:24 and 10:58. Michael: ''the first time I''ve ever seen a bundle come back to back on the same machine''. Across the previous six machine-sourced DR bundles no machine had ever repeated a SKU in a day, so this is a genuine first and it kills the one-per-machine-per-day assumption. MY ERROR: he reported this at 10:58 and I logged only the booster pack from that drop, missed the bundle, then wrote a ''rule refinement'' note claiming the rule held per-product. Both were wrong. Bundle backfilled"
2026-08-15,Saturday,14:58,Edmonds Safeway,hit,Destined Rivals Booster Pack,1,5.00,"ON the :58. Fourth clean on-mark landing at Edmonds today, and the fourth consecutive mark this machine has produced on"
2026-08-16,Sunday,10:58,Edmonds Safeway,hit,Prismatic Evolutions Booster Bundle,1,30.00,"ON the :58. Pitch Black bundle and Chaos Rising pack out on the same drop, both left"
2026-08-16,Sunday,10:58,Edmonds Safeway,seen,Pitch Black Booster Bundle,0,,"Out on the same :58 drop, left. Second bundle in one drop alongside the Prismatic"
2026-08-16,Sunday,10:58,Edmonds Safeway,seen,Chaos Rising Booster Pack,0,,"Out on the same :58 drop, left"
2026-08-16,Sunday,11:15,Shoreline Fred Meyer,hit,Destined Rivals Booster Pack,1,5.00,"ON the :15. Four products out on one drop, took the DR pack"
2026-08-16,Sunday,11:15,Shoreline Fred Meyer,seen,Pitch Black Booster Pack,0,,"Out on the same :15 drop, left"
2026-08-16,Sunday,11:15,Shoreline Fred Meyer,seen,Mega Evolution Booster Pack,0,,"Out on the same :15 drop, left"
2026-08-16,Sunday,11:15,Shoreline Fred Meyer,seen,Journey Together Booster Bundle,0,,"Out on the same :15 drop, left. JT bundle market $47.06 against $30 vending, roughly $10 net, his thinnest bundle"
2026-08-17,Monday,16:15,Shoreline Fred Meyer,hit,Destined Rivals Booster Bundle,1,30.00,ON the :15
2026-08-19,Wednesday,09:28,Edmonds Safeway,hit,Destined Rivals Booster Pack,1,5.00,"ON the :28:30 mark. Team Rocket grunt pack art, which is his glut art (22 spare), so it added inventory but unlocked no new art set. Ho-Oh remains the binding art at 0."
2026-08-19,Wednesday,15:58,Edmonds Safeway,hit,Prismatic Evolutions Booster Bundle,1,30.00,ON the :58:30 mark. Second clean on-mark landing at this machine today after the 09:28 pack.
2026-08-19,Wednesday,15:58,Edmonds Safeway,seen,Surging Sparks Booster Pack,0,,"Out on the same :58 drop. Left in the machine for the person waiting behind him, not a giveaway from inventory."
2026-08-20,Thursday,10:58,Edmonds Safeway,hit,Destined Rivals Booster Pack,1,5.00,ON the :58:30 mark. Pack art not stated; Ho-Oh is the binding art for the loose art-set listing.
2026-08-20,Thursday,13:45,Shoreline Fred Meyer,hit,Destined Rivals Booster Pack,1,5.00,ON the :45:30 mark. Same trip as the Fred Meyer First Partner Series 2 restock.
2026-08-20,Thursday,13:45,Shoreline Fred Meyer,hit,Surging Sparks Booster Pack,1,5.00,ON the :45:30 mark. Same drop as the Destined Rivals pack.
2026-08-20,Thursday,13:58,Edmonds Safeway,miss,,0,,"Third dead pull in a row on the OLD :58 mark. The :58 had worked at 10:58 the same morning, so the schedule changed mid-day."
2026-08-20,Thursday,14:08,Edmonds Safeway,miss,,0,,Tapped after a sandwich break. Nothing.
2026-08-20,Thursday,14:09,Edmonds Safeway,miss,,0,,Another customer tapped it. Nothing. Independent confirmation the machine was still dead at :09.
2026-08-20,Thursday,14:10,Edmonds Safeway,hit,Destined Rivals Booster Pack,1,5.00,"NEW MARK :10. Multi-drop after three dead pulls: Surging Sparks, Destined Rivals and two unidentified products. Took only the DR pack."
2026-08-20,Thursday,14:10,Edmonds Safeway,seen,Surging Sparks Booster Pack,0,,"Out on the same :10 drop, left."
2026-08-21,Friday,09:40,Edmonds Safeway,hit,Destined Rivals Booster Pack,1,5.00,"Bought at :40, but this does NOT confirm :40 (see the 12:40 miss and the 13:05 off-mark find later the same day). Stock sitting at :40 is consistent with an earlier drop he found rather than one landing on the mark. Surging Sparks pack out at the same time, also bought."
2026-08-21,Friday,09:40,Edmonds Safeway,hit,Surging Sparks Booster Pack,1,5.00,Bought at :40 alongside the Destined Rivals pack. Same caveat: a buy on a minute does not establish the mark.
2026-08-21,Friday,12:40,Edmonds Safeway,miss,,0,,"Dead on the :40, the same mark that produced two packs at 09:40 this morning. Nothing on the screen at all."
2026-08-21,Friday,13:05,Edmonds Safeway,hit,Destined Rivals Booster Pack,1,5.00,"OFF-MARK, arrived early for the :10 and found THREE packs already sitting. So a drop landed between 12:41 and 13:04, which neither :10 nor :40 explains. Bought the DR pack; the purchase appeared to pull the next drop in. Two other packs left, unidentified."
2026-08-21,Friday,17:50,Edmonds Safeway,miss,,0,,"Dead, empty screen. Second half of the clean no-purchase test with the 17:55 appearance below."
2026-08-21,Friday,17:55,Edmonds Safeway,seen,Perfect Order Booster Pack,0,,"CLEAN OBSERVATION, NOTHING BOUGHT. Dead at 17:50, then four products appeared at 17:55: Perfect Order pack, Pitch Black bundle, Chaos Rising pack, Pitch Black pack. All left. First drop this week timed without a purchase in the way, so it is the first uncontaminated mark evidence: a drop lands between :51 and :55."
2026-08-21,Friday,17:55,Edmonds Safeway,seen,Pitch Black Booster Bundle,0,,"Out on the same 17:55 appearance, left. The only item in the four worth money, and only just: last price snapshot $42.32 and that is from 2026-07-19, so roughly $6 net over the $30 vending cost."
2026-08-21,Friday,17:55,Edmonds Safeway,seen,Chaos Rising Booster Pack,0,,"Out on the same 17:55 appearance, left. Market $5.48 against $5.00 vending."
2026-08-21,Friday,17:55,Edmonds Safeway,seen,Pitch Black Booster Pack,0,,"Out on the same 17:55 appearance, left. Last snapshot $6.43 from 2026-07-19."
2026-08-24,Monday,09:55,Edmonds Safeway,seen,Mega Evolution Booster Pack,0,,"SECOND CLEAN CONFIRMATION OF :55, nothing bought. He asked for the time at 09:54, tapped on the :55 and a Mega Evolution pack came out; he left it. Independent of the 8/21 17:55 observation in both day and time of day, and again with no purchase anywhere near it, so the :25/:55 pair now rests on two uncontaminated reads instead of one. Market $8.17 (low $6.64, 2026-08-23) against $5.00 vending, so about $3 of gross on a single pack; he has not bought a Mega Evolution pack since 2026-07-11, so leaving it is consistent."
2026-08-25,Tuesday,14:15,Edmonds Safeway,hit,Surging Sparks Booster Pack,3,5.00,"OFF-MARK. He described it as ""just random in between time"" — 14:15 sits between the :55 and :25 marks, so this is almost certainly stock left sitting from the 13:55 drop rather than a fresh one. Same pattern as the 2026-08-21 13:05 find. Reinforces that product PERSISTS on the screen between drops, so an off-mark hit is not evidence against the :25/:55 schedule. 3 packs bought, market $7.80 against $5.00 vending."
2026-08-25,Tuesday,15:55,Edmonds Safeway,hit,Destined Rivals Booster Pack,2,5.00,"ON the :55 mark, third straight day the mark has produced. NOT an uncontaminated reading though: he bought, and a purchase-adjacent observation cannot prove a drop landed at :55 versus stock already sitting. The two clean reads remain 2026-08-21 17:55 and 2026-08-24 09:55, both dead-then-appeared with nothing bought. Market $9.25 against $5.00 vending."
2026-08-26,Wednesday,,,note,Destined Rivals Booster Pack + Surging Sparks Booster Pack,3,5.00,"NOT A DROP OBSERVATION — do not use for timing. 2x DR + 1x SS found in the car on 2026-08-26 and never reported when bought; source, location and date are all unknown, logged as pu597/pu598 with unknown_cost=true. Recorded here only so the packs are not mistaken for an unlogged machine visit later. Location left blank deliberately."
2026-08-26,Wednesday,12:53,Edmonds Safeway,hit,Prismatic Evolutions Booster Bundle,1,30.00,"SITTING STOCK, not a fresh drop — he said it had ""sat there the whole time"". Bought alongside 2 Surging Sparks packs on the same tap. Market $88.48 against $30.00 vending."
2026-08-26,Wednesday,12:53,Edmonds Safeway,hit,Surging Sparks Booster Pack,2,5.00,"Sitting stock on the same 12:53 tap as the Prismatic bundle, not a fresh drop. Market $7.83 against $5.00."
2026-08-26,Wednesday,12:55,Edmonds Safeway,hit,Destined Rivals Booster Pack,1,5.00,"ON the :55 mark. Popped out immediately after he paid for the 12:53 sitting stock. He read it as the purchase pulling the drop — but 12:55 is ALSO exactly when a scheduled drop is due, so the purchase-trigger and schedule explanations are confounded in this observation. Not clean mark evidence either way; the uncontaminated reads remain 2026-08-21 17:55 and 2026-08-24 09:55."
2026-08-26,Wednesday,12:55,Edmonds Safeway,seen,Chaos Rising Booster Pack,0,,"Left on the screen. He said ""a Chaos Rising"" without specifying pack or bundle; logged as the pack (market $5.54) since that is what the machine usually carries, but the bundle (ci183, $36.63) is possible. Timing within the 12:53-12:55 visit is not pinned down."
2026-08-26,Wednesday,12:55,Edmonds Safeway,seen,Mega Evolution Booster Pack,0,,"Left on the screen. CORRECTED 2026-08-26: Michael confirmed it was a booster PACK, not a bundle — I logged ""bundle"" off the transcript and then priced it as one. Market $8.16 against $5.00 vending, so about $1.50 net after fees, not the $22 I told him. Leaving it was fine. Timing within the 12:53-12:55 visit not pinned down."
2026-08-27,Thursday,14:25,Edmonds Safeway,hit,Surging Sparks Booster Pack,1,5.00,"ON the :25 mark. Voice note transcribed as ""at $2.25"" — that is the TIME, not a price: message stamped 21:25:47Z = 14:25 Pacific, :25 is a drop mark, and all 8 prior Surging Sparks packs were $5.00. Logged at the standard $5.00; flagged to Michael for correction."
2026-08-31,Monday,13:25,Edmonds Safeway,hit,Ascended Heroes Booster Bundle,1,30.00,"ON the :25 mark. Voice note transcribed as ""at uh 125"" - that is the TIME, not a price: message stamped 20:28:17Z = 13:28 Pacific, :25 is a confirmed Edmonds Safeway drop mark, and all 96+ prior vending bundles booked at exactly $30.00. Market $84.59 against $30.00."
